modelo,n_train,n_test,mae_pesos_2025t4,rmse_pesos_2025t4,r2_log,r2_original
Ridge sobre log(P21 real),18395,6132,438926.684639507,765420.864251596,0.46028042363758415,0.3580582972267047
