variable,casos,faltantes,faltantes_pct,media,mediana,p01,p99,atipicos_iqr
P21,83383,0,0.0,71432.87207224494,0.0,-9.0,1500000.0,14164
ITF,83383,0,0.0,235274.30521809,22000.0,0.0,3500000.0,12790
IPCF,83383,10273,12.320257126752455,80616.8070475995,5300.0,0.0,1300000.0,11340
CH06,83383,0,0.0,37.139440893227636,35.0,1.0,86.0,0
NIVEL_ED,83383,0,0.0,3.701162107383999,4.0,1.0,7.0,0
PP04B_COD,83383,46848,56.184114267896334,6038.418393321473,5601.0,300.0,9700.0,0
PP04D_COD,83383,46848,56.184114267896334,45538.47817161626,41333.0,5001.0,92112.0,0
